{
    "appKeys": {},
    "capabilities": [
        ""
    ],
    "companyName": "Pebble",
    "longName": "Switches",
    "projectType": "pebblejs",
    "resources": {
        "media": [
            {
                "file": "images/menu_icon.png",
                "name": "IMAGE_MENU_ICON",
                "type": "bitmap"
            },
            {
                "file": "images/logo_splash.png",
                "name": "IMAGE_LOGO_SPLASH",
                "type": "bitmap"
            },
            {
                "file": "images/tile_splash.png",
                "name": "IMAGE_TILE_SPLASH",
                "type": "bitmap"
            },
            {
                "file": "fonts/UbuntuMono-Regular.ttf",
                "name": "MONO_FONT_14",
                "type": "font"
            },
            {
                "file": "images/switch.png",
                "menuIcon": true,
                "name": "IMAGES_SWITCH_PNG",
                "type": "png"
            },
            {
                "file": "images/on_color.png",
                "name": "IMAGES_ON_COLOR_PNG",
                "type": "bitmap"
            },
            {
                "file": "images/off_color.png",
                "name": "IMAGES_OFF_COLOR_PNG",
                "type": "bitmap"
            },
            {
                "file": "images/disable.png",
                "name": "IMAGES_DISABLE_PNG",
                "type": "bitmap"
            },
            {
                "file": "images/off.png",
                "name": "IMAGES_OFF_PNG",
                "type": "bitmap"
            },
            {
                "file": "images/on.png",
                "name": "IMAGES_ON_PNG",
                "type": "bitmap"
            }
        ]
    },
    "sdkVersion": "3",
    "shortName": "Switches",
    "targetPlatforms": [
        "basalt"
    ],
    "uuid": "1ccd7fb2-14b3-4c9c-b0ed-d9042567de1f",
    "versionCode": 1,
    "versionLabel": "1.0",
    "watchapp": {
        "hiddenApp": false,
        "watchface": false
    }
}
